city,latitude,longitude,temperature,humidity,cloudiness,wind speed
nikolskoye,59.7,30.79,27.32,39,few clouds,24.61
tuktoyaktuk,69.45,-133.04,21.2,85,light snow,28.86
nizhniy tsasuchey,50.52,115.13,12.18,69,clear sky,3.38
ancud,-41.87,-73.82,60.8,59,few clouds,6.93
vaini,-21.2,-175.2,80.6,88,broken clouds,10.29
arraial do cabo,-22.97,-42.03,83.71,78,scattered clouds,12.75
mar del plata,-38.0,-57.56,70.61,60,overcast clouds,12.75
khatanga,71.97,102.5,27.48,96,light snow,15.95
zhigansk,66.77,123.37,-7.62,91,overcast clouds,22.66
atuona,-9.8,-139.03,81.66,73,clear sky,11.21
monrovia,6.3,-10.8,83.64,77,overcast clouds,11.68
cape town,-33.93,18.42,67.32,77,scattered clouds,16.11
sao joao da barra,-21.64,-41.05,86.0,66,few clouds,11.41
oranjestad,12.52,-70.03,86.0,62,scattered clouds,14.99
solok,-0.79,100.66,69.6,93,light rain,5.61
lungi,9.22,-12.68,99.48,20,clear sky,2.01
newport,51.59,-3.0,49.37,93,light rain,11.41
hasaki,35.73,140.83,32.04,100,fog,2.24
sur,22.57,59.53,70.68,36,overcast clouds,5.97
haines junction,60.75,-137.51,15.78,68,few clouds,2.68
eenhana,-17.47,16.33,73.92,66,light rain,6.15
saint-philippe,-21.36,55.77,75.56,83,broken clouds,13.87
waingapu,-9.66,120.26,83.1,77,light rain,4.09
ushuaia,-54.8,-68.3,57.2,50,few clouds,9.17
mataura,-46.19,168.86,51.01,86,overcast clouds,1.99
rio pardo,-29.99,-52.38,108.84,18,clear sky,2.28
avarua,-21.21,-159.78,82.4,78,broken clouds,5.82
ornskoldsvik,63.29,18.72,26.6,53,broken clouds,8.05
korla,41.76,86.15,39.45,62,overcast clouds,1.01
lavrentiya,65.58,-171.0,15.96,56,overcast clouds,4.74
albany,42.6,-73.97,42.35,48,scattered clouds,20.8
new norfolk,-42.78,147.06,48.4,81,scattered clouds,5.82
vila velha,-20.33,-40.29,83.77,74,scattered clouds,10.29
lasa,46.62,10.7,35.56,93,scattered clouds,4.36
port elizabeth,-33.92,25.57,66.2,88,few clouds,12.75
tessalit,20.2,1.01,84.72,9,clear sky,6.42
kapaa,22.08,-159.32,73.53,64,few clouds,4.7
hermanus,-34.42,19.23,64.11,88,light rain,10.4
hobart,-42.88,147.33,48.58,81,scattered clouds,5.82
talnakh,69.49,88.4,32.0,95,light shower snow,24.61
hilo,19.73,-155.09,68.49,83,overcast clouds,3.36
upernavik,72.79,-56.15,-8.16,93,overcast clouds,4.59
mecca,21.43,39.83,68.34,47,clear sky,8.81
kahului,20.89,-156.47,75.04,74,scattered clouds,9.17
lagoa,39.05,-27.98,60.24,77,overcast clouds,10.51
bluff,-46.6,168.33,51.01,86,overcast clouds,1.01
barrow,71.29,-156.79,19.4,85,overcast clouds,27.51
bambous virieux,-20.34,57.76,76.6,94,scattered clouds,1.12
krasni okny,47.54,29.46,42.06,54,few clouds,10.51
gander,48.97,-54.59,39.9,60,scattered clouds,14.99
busselton,-33.65,115.33,64.72,98,light rain,13.27
gambela,8.25,34.58,86.7,46,overcast clouds,3.67
aksu,41.12,80.26,43.68,22,clear sky,7.25
mehamn,71.04,27.85,14.34,80,light snow,15.01
georgetown,5.41,100.34,82.47,88,few clouds,2.95
elmira,42.09,-76.81,41.76,39,clear sky,6.93
hovd,48.01,91.64,21.72,43,clear sky,9.01
orange,33.7,-117.77,59.5,59,light rain,8.05
chapais,49.78,-74.85,14.0,72,light snow,17.22
punta arenas,-53.15,-70.92,60.8,51,broken clouds,31.09
buxton,53.26,-1.91,49.26,81,overcast clouds,10.29
alyangula,-13.85,136.42,77.0,100,scattered clouds,4.14
cherskiy,68.75,161.3,-13.38,77,scattered clouds,6.02
san quintin,30.48,-115.95,62.04,69,clear sky,9.55
dhidhdhoo,6.88,73.1,83.82,76,light rain,8.55
mahebourg,-20.41,57.7,76.23,94,scattered clouds,1.12
port-cartier,50.03,-66.87,32.0,88,light snow,11.41
rikitea,-23.12,-134.97,77.52,78,light rain,14.07
yellowknife,62.46,-114.35,1.26,59,overcast clouds,12.75
coquimbo,-29.95,-71.34,68.0,72,few clouds,14.99
ribeira grande,38.52,-28.7,64.4,68,scattered clouds,12.75
omboue,-1.57,9.26,79.5,89,light rain,3.47
hit,33.64,42.83,61.86,64,overcast clouds,6.58
safaga,26.73,33.94,67.62,64,scattered clouds,8.08
constitucion,-35.33,-72.42,67.8,39,broken clouds,13.6
carnarvon,-24.87,113.63,77.0,83,broken clouds,9.17
tasiilaq,65.61,-37.64,8.6,60,few clouds,3.83
thompson,55.74,-97.86,1.4,45,few clouds,3.36
adrasmon,40.65,69.99,48.2,40,clear sky,4.47
norman wells,65.28,-126.83,8.6,71,broken clouds,4.7
bredasdorp,-34.53,20.04,66.85,72,few clouds,8.05
tymovskoye,50.85,142.66,6.96,96,overcast clouds,2.44
prieska,-29.66,22.75,79.5,18,clear sky,10.8
miri,4.41,114.01,77.22,100,broken clouds,2.24
shahr-e kord,32.33,50.86,42.8,70,scattered clouds,19.46
brumunddal,60.88,10.94,25.3,76,scattered clouds,7.0
batagay-alyta,67.8,130.41,-27.24,84,clear sky,4.52
jamestown,42.1,-79.24,34.97,59,overcast clouds,5.82
clyde river,70.47,-68.59,-14.8,56,clear sky,3.36
leningradskiy,69.38,178.42,-11.04,74,clear sky,4.83
pevek,69.7,170.31,-16.26,89,scattered clouds,9.75
porto santo,33.07,-16.34,60.8,67,broken clouds,14.99
kodiak,57.79,-152.41,28.4,68,clear sky,6.93
millinocket,45.66,-68.71,37.29,47,scattered clouds,26.4
bambanglipuro,-7.95,110.28,75.9,93,overcast clouds,3.11
khuzhir,53.19,107.34,24.06,90,clear sky,8.08
iqaluit,63.75,-68.51,-16.28,56,clear sky,17.22
butaritari,3.07,172.79,83.28,70,overcast clouds,7.92
yatou,37.15,122.38,41.34,47,clear sky,15.48
veraval,20.9,70.37,67.8,59,scattered clouds,3.85
baniachang,24.52,91.37,71.94,54,overcast clouds,7.25
bireun,5.2,96.7,69.78,89,broken clouds,3.13
vardo,70.37,31.11,19.56,78,light snow,14.85
moose factory,51.26,-80.61,15.8,61,clear sky,11.41
torit,4.41,32.57,80.22,64,overcast clouds,2.42
saint-georges,12.06,-61.75,86.0,70,broken clouds,9.15
vanimo,-2.67,141.3,82.38,77,moderate rain,14.74
chissamba,-12.17,17.33,64.74,97,light rain,4.34
east london,-33.02,27.91,69.8,88,few clouds,6.93
portland,45.52,-122.68,34.77,80,light rain,8.05
qaanaaq,77.48,-69.36,-19.14,60,clear sky,4.81
port hardy,50.7,-127.42,35.6,31,clear sky,13.87
shadrinsk,56.09,63.63,32.7,83,overcast clouds,11.95
frontera,26.93,-101.45,82.4,48,scattered clouds,9.17
hithadhoo,-0.6,73.08,83.46,61,few clouds,2.59
sao jose da coroa grande,-8.9,-35.15,83.64,66,overcast clouds,9.44
necochea,-38.55,-58.74,68.85,74,broken clouds,10.0
ivanishchi,55.77,40.43,33.42,94,light snow,8.23
kampot,10.62,104.18,76.08,94,few clouds,2.24
berlevag,70.86,29.09,24.06,67,light snow,16.98
brae,60.4,-1.35,43.59,87,light rain,13.87
santa cruz,-17.8,-63.17,96.89,39,broken clouds,11.41
kostomuksha,64.57,30.58,13.08,88,overcast clouds,7.54
kavaratti,10.57,72.64,82.38,71,few clouds,9.6
darbhanga,26.17,85.9,64.2,86,broken clouds,3.18
provideniya,64.38,-173.3,17.58,58,overcast clouds,7.72
souillac,-20.52,57.52,76.23,94,scattered clouds,1.12
esperance,-33.87,121.9,64.4,93,scattered clouds,19.46
gizo,-8.1,156.84,77.7,89,light rain,8.21
neyyattinkara,8.4,77.08,84.2,70,haze,3.36
tromso,69.65,18.96,23.76,79,light snow,10.29
kapit,2.02,112.93,72.48,99,moderate rain,1.3
hambantota,6.12,81.12,78.8,88,clear sky,2.24
saint-francois,46.42,3.91,44.74,61,scattered clouds,2.24
mao,39.89,4.27,51.8,81,clear sky,5.82
bismarck,46.81,-100.78,22.89,67,overcast clouds,17.22
aberdeen,57.14,-2.1,43.2,81,scattered clouds,19.46
koslan,63.46,48.9,17.4,88,light snow,10.83
evensk,61.95,159.23,13.62,95,snow,6.26
puerto ayora,-0.74,-90.35,83.64,74,few clouds,9.17
skjervoy,70.03,20.97,24.42,63,overcast clouds,21.16
la paz,-16.5,-68.15,50.0,66,light intensity shower rain,10.29
ampanihy,-24.7,44.75,77.7,67,broken clouds,14.52
erenhot,43.65,111.98,32.52,54,clear sky,10.29
ponta do sol,32.67,-17.1,57.83,67,broken clouds,11.41
torbay,47.67,-52.73,38.41,86,broken clouds,27.51
boguchany,58.38,97.45,30.18,95,overcast clouds,6.2
vestmanna,62.16,-7.17,35.6,74,overcast clouds,12.75
cabo san lucas,22.89,-109.91,76.89,54,clear sky,13.87
jakar,27.55,90.75,37.38,94,light rain,0.87
travesia,15.87,-87.9,88.34,52,scattered clouds,9.17
bengkulu,-3.8,102.27,75.18,90,light rain,3.8
atagay,55.1,99.39,29.28,99,overcast clouds,1.57
xinye,32.52,112.35,48.0,45,few clouds,4.12
tautira,-17.73,-149.15,86.0,70,few clouds,2.24
la ronge,55.1,-105.28,-0.4,59,overcast clouds,2.24
qandala,11.47,49.87,76.62,80,overcast clouds,7.34
jieshi,22.81,115.83,66.99,63,broken clouds,5.57
riyadh,24.69,46.72,69.8,43,dust,4.7
quatre cocos,-20.21,57.76,76.12,94,scattered clouds,1.12
tiksi,71.69,128.87,-15.0,79,clear sky,8.84
oranjemund,-28.55,16.43,65.28,82,clear sky,15.66
talavera de la reina,39.96,-4.83,62.58,61,clear sky,2.8
kudahuvadhoo,2.67,72.89,84.54,66,broken clouds,6.38
caravelas,-17.71,-39.25,80.76,76,few clouds,10.2
ilulissat,69.22,-51.1,3.2,77,light shower snow,11.41
namatanai,-3.67,152.43,82.2,75,moderate rain,6.26
tomatlan,19.93,-105.25,92.82,27,clear sky,4.09
loukhi,66.08,33.04,12.54,88,broken clouds,7.43
pecos,31.42,-103.49,70.05,37,clear sky,4.05
azare,11.68,10.19,77.16,14,clear sky,7.87
petropavlovka,50.61,105.32,22.8,83,clear sky,3.65
nosy varika,-20.58,48.53,75.9,91,moderate rain,4.76
havoysund,71.0,24.66,19.4,67,light snow,14.99
kot addu,30.47,70.97,62.6,82,smoke,6.89
wanning,18.8,110.4,72.12,94,light rain,5.66
logansport,40.75,-86.36,34.66,100,light rain,4.18
avera,33.19,-82.53,79.38,47,clear sky,3.36
hluk,48.99,17.53,36.75,47,clear sky,12.75
aklavik,68.22,-135.01,21.2,67,overcast clouds,6.93
osoyoos,49.03,-119.45,22.95,46,overcast clouds,23.04
north bend,43.41,-124.22,41.72,87,light rain,9.17
yarmouth,41.71,-70.23,52.25,32,clear sky,14.99
sinnamary,5.38,-52.95,80.58,74,scattered clouds,12.39
meulaboh,4.14,96.13,83.64,76,light rain,7.38
tezu,27.92,96.17,67.62,57,light rain,2.21
krasnoselkup,65.7,82.47,32.88,97,snow,17.87
kieta,-6.22,155.63,83.1,79,light rain,13.62
yataity del norte,-24.83,-56.35,104.16,19,few clouds,5.95
bereznik,62.86,42.71,14.88,92,broken clouds,5.19
san rafael,-34.62,-68.33,69.06,17,broken clouds,9.6
ambilobe,-13.2,49.05,82.2,83,light rain,10.89
taoudenni,22.68,-3.98,88.86,6,clear sky,7.9
antofagasta,-23.65,-70.4,70.81,68,few clouds,14.99
chipinge,-20.19,32.62,71.04,61,few clouds,7.2
san cristobal,7.77,-72.22,84.2,66,haze,4.7
faanui,-16.48,-151.75,82.74,78,light rain,16.46
kysyl-syr,63.9,122.76,-5.64,95,overcast clouds,7.85
dikson,73.51,80.55,-12.66,98,broken clouds,12.44
verkhnevilyuysk,63.45,120.32,6.24,95,light snow,7.72
shenjiamen,29.96,122.3,51.06,76,clear sky,14.23
manono,-7.3,27.42,71.58,96,light rain,3.06
hamilton,39.18,-84.53,36.27,86,moderate rain,4.7
burnie,-41.07,145.92,50.5,77,clear sky,4.0
fayaoue,-20.65,166.53,84.0,81,light rain,24.02
chokurdakh,70.63,147.92,-28.14,98,broken clouds,4.25
laguna,38.42,-121.42,48.88,87,moderate rain,13.87
pavullo nel frignano,44.33,10.84,50.11,76,broken clouds,5.82
yumen,40.28,97.2,37.38,23,overcast clouds,13.11
grindavik,63.84,-22.43,27.46,68,scattered clouds,10.29
vao,-22.67,167.48,83.1,82,light rain,21.99
teya,60.38,92.63,28.2,88,light snow,13.8
vidim,56.41,103.11,30.18,96,overcast clouds,7.47
hervey bay,-25.3,152.85,67.26,82,light rain,6.93
narsaq,60.92,-46.05,23.0,67,broken clouds,3.36
kirakira,-10.45,161.92,79.68,84,overcast clouds,11.52
fairbanks,64.84,-147.72,14.85,78,overcast clouds,3.42
sao felix do xingu,-6.64,-51.99,82.56,84,moderate rain,2.39
chesma,53.81,60.65,34.14,89,overcast clouds,9.55
sula,15.46,120.4,77.0,88,broken clouds,4.7
fortuna,40.6,-124.16,43.75,93,moderate rain,10.29
kavieng,-2.57,150.8,84.0,73,light rain,11.25
saldanha,-33.01,17.94,66.2,82,scattered clouds,12.75
padang,-0.95,100.35,69.6,93,light rain,5.61
guarapari,-20.67,-40.5,83.79,74,scattered clouds,10.29
nuuk,64.18,-51.72,10.17,60,scattered clouds,12.75
znamenskoye,57.13,73.83,35.22,89,overcast clouds,12.62
mubende,0.56,31.39,72.84,71,overcast clouds,1.45
praxedis guerrero,31.37,-106.02,64.06,36,few clouds,4.7
qaqortoq,60.72,-46.03,23.0,67,broken clouds,3.36
lebu,-37.62,-73.65,66.54,42,clear sky,12.88
trenggalek,-8.05,111.72,73.2,97,overcast clouds,0.6
saint george,37.1,-113.58,57.07,58,broken clouds,13.87
hobyo,5.35,48.53,80.94,75,scattered clouds,17.56
san patricio,19.22,-104.7,86.0,74,haze,11.41
husavik,66.04,-17.34,15.8,78,scattered clouds,4.7
casper,42.87,-106.31,35.06,87,few clouds,9.17
havre-saint-pierre,50.23,-63.6,26.6,86,light snow,23.04
key west,24.56,-81.78,81.81,65,few clouds,16.11
amberley,39.2,-84.43,36.19,86,moderate rain,4.7
richards bay,-28.78,32.04,79.68,85,clear sky,12.57
victoria,22.29,114.16,67.95,56,scattered clouds,8.05
nelson bay,-32.72,152.15,61.65,77,broken clouds,18.34
buala,-8.14,159.59,80.76,86,light rain,10.71
ust-nera,64.57,143.2,-27.24,97,clear sky,1.43
kingsport,36.55,-82.56,52.74,40,light rain,5.82
yar-sale,66.83,70.83,8.04,91,light snow,18.52
sao filipe,14.9,-24.5,76.08,55,overcast clouds,14.27
novoagansk,61.94,76.66,33.42,91,light snow,14.14
consett,54.85,-1.83,48.09,81,broken clouds,16.11
gigmoto,13.78,124.39,80.04,69,broken clouds,9.06
bemidji,47.47,-94.88,22.01,57,clear sky,6.93
trincomalee,8.57,81.23,71.04,95,clear sky,2.15
lompoc,34.64,-120.46,56.59,71,overcast clouds,12.75
tyukhtet,56.54,89.3,28.2,83,broken clouds,12.88
karpathos,35.51,27.21,57.2,82,broken clouds,5.82
mujiayingzi,42.12,118.78,27.48,61,scattered clouds,16.78
olga,43.74,135.29,31.62,79,broken clouds,7.78
vermillion,42.78,-96.93,31.73,74,overcast clouds,12.75
bijawar,24.63,79.5,69.78,17,clear sky,5.35
soledade,-28.82,-52.51,93.2,26,clear sky,1.86
lovozero,68.0,35.01,5.52,91,scattered clouds,9.73
champerico,14.3,-91.92,89.6,62,haze,11.41
saint-augustin,51.23,-58.65,31.44,76,overcast clouds,27.13
chuy,-33.7,-53.46,91.38,42,clear sky,5.35
baruun-urt,46.68,113.28,15.6,96,overcast clouds,3.4
manggar,-2.88,108.27,82.38,69,broken clouds,2.66
kifri,34.7,44.97,58.08,86,moderate rain,7.27
saint-joseph,-21.37,55.62,75.51,83,broken clouds,13.87
katobu,-4.94,122.53,75.72,92,light rain,2.21
la libertad,-2.23,-80.9,84.2,70,overcast clouds,6.93
eyl,7.98,49.82,79.68,83,clear sky,19.57
vrangel,42.73,133.08,34.5,83,overcast clouds,4.72
forio,40.73,13.86,55.2,87,scattered clouds,4.7
ahipara,-35.17,173.17,63.12,75,clear sky,7.58
malanje,-9.54,16.34,68.88,94,moderate rain,2.3
plainfield,40.62,-74.42,54.34,26,clear sky,3.36
coffs harbour,-30.3,153.13,61.23,93,moderate rain,18.34
togur,58.36,82.83,30.9,94,light snow,14.97
storm lake,42.64,-95.21,30.22,100,light snow,17.22
kalabo,-14.97,22.68,71.76,88,light rain,3.51
severo-kurilsk,50.68,156.12,9.84,81,scattered clouds,3.62
rocha,-34.48,-54.33,89.58,44,scattered clouds,12.53
orlik,52.52,99.83,13.26,66,overcast clouds,1.88
skibotn,69.39,20.27,23.0,79,light snow,10.29
aktau,43.65,51.2,51.8,87,light rain,6.71
port alfred,-33.59,26.89,68.0,88,scattered clouds,3.0
seymchan,62.88,152.43,-8.88,94,light snow,9.55
kaitangata,-46.28,169.85,55.99,81,broken clouds,19.66
geraldton,-28.77,114.6,73.47,83,scattered clouds,11.41
klaksvik,62.23,-6.59,35.6,74,overcast clouds,12.75
nhulunbuy,-12.23,136.77,77.0,94,scattered clouds,4.7
ixtapa,20.7,-105.2,78.8,69,clear sky,9.17
isangel,-19.55,169.27,82.4,78,broken clouds,12.75
letlhakane,-21.42,25.58,83.82,35,broken clouds,2.71
hue,16.47,107.6,77.0,94,broken clouds,3.36
campos altos,-19.7,-46.17,78.24,68,broken clouds,7.16
andilamena,-17.02,48.58,67.26,96,overcast clouds,5.41
nanortalik,60.14,-45.24,22.8,66,broken clouds,13.65
okitipupa,6.5,4.78,83.64,73,scattered clouds,6.69
vila franca do campo,37.72,-25.43,60.8,72,few clouds,13.87
yugorsk,61.31,63.33,32.16,79,broken clouds,11.41
jijiga,9.35,42.8,69.24,69,broken clouds,6.42
magistralnyy,56.17,107.45,21.36,95,broken clouds,4.27
tukrah,32.53,20.58,58.44,83,overcast clouds,4.74
ramsey,45.03,-93.08,29.66,54,clear sky,6.93
vila do maio,15.13,-23.22,80.6,36,overcast clouds,19.46
poopo,-18.37,-66.97,68.0,37,scattered clouds,5.82
aykhal,66.0,111.5,14.0,92,broken clouds,8.95
mabaruma,8.2,-59.78,88.14,59,light rain,5.91
lugus,5.7,120.82,81.3,72,overcast clouds,6.6
kruisfontein,-34.0,24.73,64.02,89,few clouds,9.64
asau,46.43,26.4,42.67,56,broken clouds,11.41
awjilah,29.11,21.29,68.34,30,clear sky,4.81
shingu,33.73,135.98,45.66,68,few clouds,12.3
ayan,56.45,138.17,-4.74,69,clear sky,11.97
holland,42.79,-86.11,36.7,55,broken clouds,9.17
elbistan,38.21,37.2,42.96,83,scattered clouds,1.59
bayanday,53.07,105.51,23.7,94,broken clouds,4.85
dutse,11.76,9.34,76.62,15,broken clouds,7.14
tocopilla,-22.09,-70.2,76.08,37,broken clouds,11.3
pisco,-13.7,-76.22,74.53,30,few clouds,11.41
naze,28.37,129.48,59.0,58,broken clouds,20.8
koumac,-20.57,164.28,75.9,92,light rain,8.75
kloulklubed,7.04,134.26,75.2,88,broken clouds,7.74
obregon,11.96,-85.96,90.27,38,scattered clouds,18.34
hofn,64.25,-15.21,32.34,62,overcast clouds,21.32
broken hill,-31.95,141.43,53.6,54,clear sky,13.87
parkes,-33.13,148.18,55.99,64,few clouds,1.01
san jeronimo,-11.95,-75.28,57.72,51,overcast clouds,7.4
sitka,57.05,-135.33,33.75,59,clear sky,2.01
nouadhibou,20.93,-17.03,69.8,73,sand,19.46
boende,-0.22,20.87,79.86,62,scattered clouds,0.67
lorengau,-2.02,147.27,84.18,77,broken clouds,13.27
inuvik,68.35,-133.72,21.2,67,overcast clouds,3.36
port lincoln,-34.73,135.87,59.16,78,broken clouds,15.66
dingle,11.0,122.67,72.84,82,broken clouds,5.26
castel san giovanni,45.06,9.43,47.12,70,few clouds,3.36
saskylakh,71.92,114.08,1.56,94,light snow,15.68
ivanava,52.15,25.54,29.82,56,light snow,14.45
luderitz,-26.65,15.16,68.0,77,clear sky,20.8
iganga,0.61,33.47,68.88,88,overcast clouds,6.49
termiz,37.22,67.28,57.72,50,few clouds,6.93
zuwarah,32.93,12.08,67.98,45,clear sky,8.77
mbulu,-3.85,35.53,59.7,95,light rain,0.94
bodden town,19.28,-81.25,82.8,74,scattered clouds,12.75
dunedin,-45.87,170.5,57.0,81,overcast clouds,11.54
karasburg,-28.02,18.75,81.12,18,clear sky,14.81
axim,4.87,-2.24,82.74,77,light rain,6.73
peace river,56.25,-117.29,-9.4,63,clear sky,2.24
timra,62.49,17.33,29.03,50,few clouds,6.93
temiscaming,46.72,-79.1,33.8,34,broken clouds,18.34
vallenar,-28.57,-70.76,79.5,41,broken clouds,10.83
ribeira do pombal,-10.83,-38.54,89.22,45,light rain,9.98
wangan,7.16,125.45,77.0,83,scattered clouds,4.7
airai,-8.93,125.41,65.82,85,broken clouds,2.75
port-gentil,-0.72,8.78,84.2,89,scattered clouds,9.17
hualmay,-11.1,-77.61,81.48,56,broken clouds,11.16
keti bandar,24.14,67.45,71.22,59,broken clouds,9.31
port blair,11.67,92.75,82.56,68,few clouds,6.46
bani walid,31.76,13.99,66.72,32,clear sky,9.78
pedasi,7.53,-80.03,80.04,70,few clouds,15.73
cockburn town,21.46,-71.14,80.6,61,scattered clouds,12.75
bela palanka,43.22,22.31,46.4,93,light rain,8.05
cidreira,-30.18,-50.21,76.44,79,clear sky,12.64
kathmandu,27.72,85.32,51.8,93,few clouds,3.36
adrar,20.5,-10.07,83.64,5,clear sky,3.83
sabang,5.89,95.32,83.46,80,light rain,7.94
stokmarknes,68.56,14.91,28.62,89,snow,15.01
kuching,1.55,110.33,77.0,100,scattered clouds,2.24
castro,-24.79,-50.01,84.18,31,clear sky,3.98
iquitos,-3.75,-73.25,42.8,100,scattered clouds,3.36
eydhafushi,5.1,73.07,83.82,76,few clouds,10.47
kirovskiy,45.09,133.51,21.72,96,light snow,3.27
codrington,-38.27,141.97,57.9,74,broken clouds,15.77
murgab,37.5,61.97,60.8,44,overcast clouds,11.41
ambulu,-8.35,113.61,81.48,83,light rain,4.92
dharchula,29.85,80.53,31.98,71,light snow,6.78
faya,18.39,42.45,59.88,87,clear sky,11.41
college,64.86,-147.8,14.95,78,overcast clouds,3.22
burgeo,47.62,-57.62,32.34,86,scattered clouds,22.46
acurenam,1.03,10.65,71.58,97,moderate rain,3.42
haldibari,26.33,88.77,66.18,78,overcast clouds,2.51
roswell,34.02,-84.36,67.33,53,light rain,8.05
araucaria,-25.59,-49.41,86.4,33,clear sky,4.7
sola,-13.88,167.55,84.36,79,light rain,18.43
shwebo,22.57,95.7,81.12,27,overcast clouds,2.59
leland,34.26,-78.04,66.63,29,broken clouds,12.75
chulman,56.85,124.91,-20.76,100,overcast clouds,1.68
pascagoula,30.37,-88.56,79.74,54,clear sky,5.82
colorado,-22.84,-51.97,86.88,48,clear sky,4.72
itaqui,-29.13,-56.55,101.82,24,scattered clouds,8.21
lazaro cardenas,17.96,-102.2,87.42,49,few clouds,9.91
cordoba,-31.41,-64.18,71.37,60,overcast clouds,18.34
great yarmouth,52.61,1.73,48.79,87,few clouds,12.75
adilcevaz,38.8,42.73,41.0,93,scattered clouds,1.25
bollnas,61.35,16.39,27.48,56,clear sky,6.89
aswan,24.09,32.91,68.88,28,clear sky,9.44
homer,59.64,-151.55,21.18,73,clear sky,4.7
yulara,-25.24,130.99,77.0,31,clear sky,12.75
abu samrah,35.3,37.18,55.74,76,few clouds,4.23
nioro,13.35,-15.75,101.82,7,clear sky,10.33
mahajanga,-15.72,46.32,84.2,79,scattered clouds,5.82
mount isa,-20.73,139.5,73.4,46,broken clouds,6.93
fort nelson,58.81,-122.7,3.2,49,few clouds,5.82
carballo,43.21,-8.69,53.11,81,few clouds,4.7
cowra,-33.83,148.68,44.01,89,clear sky,1.01
bloomsburg,41.0,-76.45,49.55,36,clear sky,4.7
norsup,-16.07,167.38,77.0,100,light intensity shower rain,5.82
kilemary,56.78,46.87,34.14,87,overcast clouds,5.17
longyearbyen,78.22,15.64,-0.4,49,scattered clouds,17.22
lobito,-12.35,13.55,80.22,76,broken clouds,1.9
ishigaki,24.34,124.16,62.4,66,broken clouds,23.02
mount gambier,-37.83,140.77,53.6,81,overcast clouds,6.93
beira,-19.84,34.84,77.0,88,few clouds,5.82
general bravo,25.8,-99.17,86.34,44,overcast clouds,21.25
kautokeino,69.01,23.04,11.46,89,broken clouds,17.07
goderich,43.75,-81.72,32.13,79,overcast clouds,12.95
coihaique,-45.58,-72.07,62.87,45,scattered clouds,8.05
tahlequah,35.92,-94.97,47.64,100,overcast clouds,4.34
souris,49.62,-100.26,12.2,66,scattered clouds,14.99
kungur,57.44,56.96,29.46,95,light snow,8.32
kamina,-8.74,24.99,67.26,98,moderate rain,2.57
bokoro,12.38,17.06,81.48,10,clear sky,10.4
murray bridge,-35.12,139.27,52.97,87,clear sky,7.31
phalaborwa,-23.94,31.14,82.2,48,clear sky,6.26
bagdarin,54.43,113.6,5.52,84,clear sky,2.21
ostrovnoy,68.05,39.51,17.22,79,light snow,12.37
swellendam,-34.02,20.44,68.0,72,light rain,8.05
tuatapere,-46.13,167.68,51.01,86,overcast clouds,1.01
amarkantak,22.67,81.75,67.98,84,clear sky,1.54
tifton,31.45,-83.51,82.54,48,broken clouds,4.7
natal,-5.79,-35.21,84.88,70,scattered clouds,10.29
pahrump,36.21,-115.98,58.39,47,overcast clouds,12.75
quelimane,-17.88,36.89,77.88,80,scattered clouds,5.26
stanghelle,60.55,5.74,37.58,64,shower rain,23.04
knysna,-34.04,23.05,66.2,88,broken clouds,3.36
kaseda,31.42,130.32,42.01,60,clear sky,11.99
rochegda,62.8,43.25,10.56,94,broken clouds,5.19
alofi,-19.06,-169.92,82.4,88,light rain,5.82
pringsewu,-5.36,104.97,72.84,97,moderate rain,3.06
tres arroyos,-38.37,-60.28,73.92,35,clear sky,15.14
monteagudo,-19.82,-63.98,98.6,25,few clouds,11.41
jumla,29.27,82.18,30.36,98,snow,2.13
mananjary,-21.22,48.33,79.32,83,light rain,11.81
chumikan,54.72,135.31,0.12,82,broken clouds,5.79
okoneshnikovo,54.84,75.08,34.68,91,overcast clouds,17.63
asfi,32.3,-9.24,58.98,76,overcast clouds,12.12
camacupa,-12.02,17.48,64.74,97,light rain,4.34
tiarei,-17.53,-149.33,86.0,70,few clouds,5.82
kiunga,-6.12,141.29,73.2,99,moderate rain,1.03
ulladulla,-35.35,150.47,52.25,58,light rain,11.41
jaguaruna,-28.61,-49.03,89.76,41,clear sky,7.16
herat,34.5,62.0,53.6,46,broken clouds,3.36
yaan,7.38,8.57,90.84,10,scattered clouds,4.14
kalmunai,7.42,81.82,81.48,73,broken clouds,10.92
pangnirtung,66.15,-65.71,-22.0,61,clear sky,4.65
kenai,60.55,-151.26,13.33,78,clear sky,5.82
tabas,33.6,56.92,66.2,11,few clouds,2.24
tawau,4.25,117.89,75.15,94,few clouds,3.36
maxixe,-23.86,35.35,78.8,83,few clouds,10.2
drumheller,51.46,-112.71,1.0,82,light snow,15.99
coronado,32.69,-117.18,59.4,72,scattered clouds,5.82
buluang,13.31,123.34,68.88,93,overcast clouds,2.95
bandarbeyla,9.49,50.81,78.78,81,clear sky,14.7
japura,-0.32,102.35,72.84,97,few clouds,2.13
srikakulam,18.3,83.9,74.64,81,clear sky,1.7
itarema,-2.92,-39.92,85.08,73,light rain,9.19
svetlogorsk,52.63,29.73,30.54,55,broken clouds,14.79
dwarka,22.24,68.97,75.54,58,overcast clouds,16.93
khanpur,28.65,70.66,68.52,33,clear sky,9.24
ambanja,-13.68,48.45,82.56,76,overcast clouds,12.93
west lake stevens,47.99,-122.1,37.9,47,overcast clouds,10.29
rorvik,64.86,11.24,36.48,60,overcast clouds,29.86
morondava,-20.28,44.28,76.08,86,broken clouds,4.47
wattegama,6.8,81.48,78.8,88,scattered clouds,2.24
safakulevo,54.99,62.54,32.88,90,overcast clouds,7.78
acarau,-2.89,-40.12,85.08,73,light rain,9.19
muisne,0.6,-80.03,82.4,83,broken clouds,5.82
tual,-5.67,132.75,81.48,78,moderate rain,12.53
jasper,37.2,-94.35,43.52,87,overcast clouds,9.17
provost,52.35,-110.27,0.3,94,light snow,12.03
cartago,4.75,-75.91,74.57,83,broken clouds,6.93
changping,40.22,116.22,51.48,21,clear sky,6.71
vanino,49.09,140.25,16.5,86,scattered clouds,6.4
lewistown,40.6,-77.57,48.11,31,clear sky,7.02
port hedland,-20.32,118.57,80.6,88,clear sky,6.93
ambovombe,-25.17,46.08,74.46,80,scattered clouds,10.96
karratha,-20.74,116.85,83.1,79,broken clouds,14.16
tenenkou,14.46,-4.92,92.1,10,clear sky,1.63
new albany,38.29,-85.82,38.98,75,moderate rain,12.75
touros,-5.2,-35.46,84.2,70,scattered clouds,10.29
were ilu,10.6,39.43,58.62,85,light rain,10.2
awbari,26.59,12.78,67.26,16,clear sky,6.35
asmara,15.33,38.93,62.58,83,broken clouds,3.94
grand gaube,-20.01,57.66,76.03,94,scattered clouds,1.12
keuruu,62.27,24.7,20.03,57,few clouds,5.82
sept-iles,50.2,-66.38,32.0,83,light snow,11.41
tiznit,29.58,-9.5,58.98,70,broken clouds,5.95
saint-pierre,-21.34,55.48,75.54,83,broken clouds,13.87
emba,48.83,58.14,37.74,79,overcast clouds,14.0
tallahassee,30.44,-84.28,84.6,42,clear sky,4.7
teeli,51.03,90.23,17.94,60,few clouds,5.19
los llanos de aridane,28.66,-17.92,62.02,68,scattered clouds,11.41
loiza,18.43,-65.88,80.83,69,scattered clouds,10.29
namibe,-15.2,12.15,76.44,75,overcast clouds,7.67
puerto colombia,10.99,-74.95,86.0,58,clear sky,20.8
ketchikan,55.34,-131.65,36.54,34,clear sky,11.41
ikom,5.97,8.71,87.06,18,clear sky,0.92
butajira,8.12,38.37,70.68,62,overcast clouds,4.88
la romana,18.43,-68.97,80.85,69,scattered clouds,13.87
zarand,30.81,56.56,56.1,20,overcast clouds,17.16
nikko,36.75,139.62,33.01,89,broken clouds,5.99
rabaul,-4.2,152.17,84.0,75,light rain,14.05
sabha,27.04,14.43,67.98,17,few clouds,7.18
luganville,-15.53,167.17,77.0,100,light intensity shower rain,5.82
tongzi,28.78,105.09,62.94,48,overcast clouds,1.79
pandan,14.05,124.17,78.42,72,overcast clouds,6.89
bac lieu,9.29,105.72,76.98,82,broken clouds,12.12
moroni,-11.7,43.26,80.6,94,broken clouds,2.24
yambio,4.57,28.4,75.54,74,overcast clouds,2.19
huarmey,-10.07,-78.15,84.9,48,broken clouds,13.24
cairns,-16.92,145.77,68.34,94,broken clouds,1.12
derzhavinsk,51.1,66.32,33.96,96,overcast clouds,17.27
tarko-sale,64.92,77.78,32.0,93,overcast clouds,12.35
galesong,-5.32,119.37,75.2,100,overcast clouds,2.24
lagos,6.58,3.75,86.0,79,few clouds,4.7
tadine,-21.55,167.88,80.4,87,light rain,14.83
castrillon,43.4,-6.79,49.62,76,clear sky,6.93
alamogordo,32.9,-105.96,55.99,34,clear sky,12.28
havelock,34.88,-76.9,64.45,31,smoke,12.75
camopi,3.17,-52.32,92.64,41,broken clouds,5.55
katsuura,35.13,140.3,40.77,75,broken clouds,5.82
chernyshevskiy,63.01,112.47,20.1,93,light snow,9.37
anuchino,43.96,133.05,20.64,93,overcast clouds,2.04
monteria,8.75,-75.88,93.2,52,broken clouds,9.17
kangaatsiaq,68.31,-53.46,-0.24,88,light snow,10.33
kununurra,-15.77,128.73,80.6,83,clear sky,4.7
aksarka,66.56,67.8,6.24,90,overcast clouds,18.99
valley,45.13,-116.13,30.2,86,light snow,6.93
saint-louis,16.33,-15.0,93.2,15,overcast clouds,6.93
lumberton,34.62,-79.01,70.41,28,clear sky,3.36
mezhdurechensk,53.69,88.06,30.54,84,broken clouds,5.48
lodwar,3.12,35.6,93.9,31,broken clouds,9.22
chodavaram,17.83,82.95,75.2,94,mist,2.24
alice springs,-23.7,133.88,73.4,43,scattered clouds,13.87
onalaska,43.88,-91.24,32.45,50,overcast clouds,11.41
southbridge,42.08,-72.03,49.46,39,clear sky,12.75
lata,40.16,-8.33,55.83,76,clear sky,11.41
marsa matruh,31.35,27.25,59.0,87,scattered clouds,6.93
cayenne,4.93,-52.33,86.0,62,broken clouds,11.41
pacific grove,36.62,-121.92,54.52,71,overcast clouds,16.78
xuzhou,34.18,117.16,42.78,49,clear sky,5.55
udachnyy,66.42,112.4,14.0,92,overcast clouds,8.95
kichera,55.94,110.1,12.54,95,overcast clouds,1.34
inhambane,-23.86,35.38,78.8,83,few clouds,10.2
maralal,1.1,36.7,71.22,62,overcast clouds,15.66
aljezur,37.32,-8.8,60.01,87,clear sky,3.69
kuloy,61.03,42.49,18.48,76,broken clouds,5.64
kamsack,51.57,-101.9,8.6,71,clear sky,8.05
smithers,54.78,-127.17,8.6,42,clear sky,2.24
buenos aires,-34.61,-58.38,71.46,88,light rain,2.24
antalaha,-14.9,50.28,78.42,92,very heavy rain,45.59
maneromango,-7.2,38.78,82.4,88,thunderstorm,3.6
